user_id,0,1,2,3,4,5,6,7,8,9,10,11,12,13,14,15,16,17,18,19
166,76,286,287,284,35,37,22,425,424,60,65,80,72,291,66,200,58,7,40,11
26,76,286,287,284,35,37,22,425,424,60,65,80,72,291,66,200,58,7,11,40
41,76,286,287,284,35,37,22,425,424,60,65,80,72,291,66,200,58,40,11,148
286,76,286,287,284,35,37,22,425,424,60,65,80,72,291,66,200,58,7,11,148
108,76,286,287,284,35,37,22,425,424,60,80,72,291,66,200,58,7,40,11,148
479,76,286,287,284,37,22,425,424,60,65,80,72,291,66,200,58,7,40,11,148
483,76,286,287,284,35,37,22,425,424,60,65,80,72,291,66,200,58,7,40,148
355,76,286,287,284,35,37,22,425,424,60,65,80,291,66,200,58,7,40,11,148
297,76,286,287,284,35,37,22,425,424,60,65,80,72,291,66,200,58,7,11,40
88,76,286,287,284,35,37,22,425,424,60,65,80,72,291,66,200,58,7,11,40
308,286,287,284,35,37,22,425,424,60,65,80,72,291,66,200,58,7,40,11,148
452,286,287,284,35,37,22,425,424,60,65,80,72,291,66,200,58,7,40,11,148
262,76,286,287,284,35,37,425,424,60,65,80,72,291,66,200,58,7,40,11,148
225,76,286,287,284,35,37,22,425,424,60,65,80,72,291,66,200,58,7,40,11
247,76,286,287,284,35,37,425,424,60,65,80,72,291,66,200,58,7,40,11,148
223,76,286,287,284,35,37,425,424,60,65,80,72,291,66,200,58,7,40,11,148
421,76,286,287,284,35,37,425,424,60,65,80,72,291,66,200,58,7,40,11,148
109,76,286,287,284,35,37,22,425,424,60,65,80,72,291,66,200,58,7,40,11
441,76,286,287,284,35,37,22,425,424,60,80,72,291,66,200,58,7,40,11,148
454,289,285,441,384,292,253,331,314,337,310,224,320,244,439,237,241,434,272,268,329
60,76,286,287,284,37,22,425,424,60,65,72,291,66,200,58,7,11,148,36,21
337,76,286,287,284,35,37,22,425,424,60,65,80,291,66,200,58,7,11,148,36
136,76,286,287,284,35,37,22,425,424,60,65,80,72,291,66,200,58,7,40,11
176,76,286,287,284,35,37,22,425,424,60,65,80,72,291,66,200,58,7,40,11
234,76,286,287,284,35,37,425,424,60,65,80,72,291,66,200,58,7,40,11,148
370,76,286,287,284,35,37,22,425,424,60,65,80,291,66,200,58,7,40,11,148
245,76,286,287,284,35,37,22,425,424,60,65,80,72,291,66,200,58,7,40,11
482,76,286,287,284,35,37,22,425,424,60,65,80,72,291,66,200,58,7,40,11
267,286,287,284,35,37,22,425,424,60,65,80,72,291,66,200,58,7,40,11,148
50,76,286,287,284,35,22,425,424,60,65,80,72,291,66,200,58,7,40,11,148
56,76,286,287,284,35,37,22,425,424,60,65,80,72,291,66,200,58,7,11,40
40,76,286,287,284,35,37,22,425,424,60,65,80,72,291,66,200,58,7,40,11
343,76,286,287,284,35,37,425,424,60,65,80,72,291,66,200,58,7,40,11,148
52,76,286,287,284,35,37,22,425,424,60,65,80,72,291,66,200,58,7,40,148
404,76,286,287,284,35,37,22,425,424,60,65,80,72,291,66,200,58,7,11,40
373,76,286,287,284,35,37,425,424,60,65,80,72,291,66,200,58,7,40,11,148
173,76,286,287,284,35,37,425,424,60,65,80,72,291,66,200,58,7,40,11,148
362,286,287,284,35,37,22,425,424,60,65,80,72,291,66,200,58,7,40,11,148
49,76,286,287,284,35,37,22,425,424,60,65,80,72,291,66,200,58,7,40,11
406,76,286,287,284,35,37,22,425,424,60,65,80,72,291,66,200,58,7,40,11
307,76,286,287,284,35,37,22,425,424,60,65,72,291,66,200,58,7,40,11,148
89,76,286,287,284,35,37,22,425,424,60,65,80,72,291,66,200,58,7,11,40
306,76,286,287,284,35,37,22,425,424,60,65,80,72,291,200,58,7,40,11,148
395,286,287,284,35,37,22,425,424,60,65,80,72,291,66,200,58,7,40,11,148
317,76,286,287,284,35,37,22,425,424,60,65,80,291,66,200,58,7,40,11,148
148,76,286,287,284,35,37,425,424,60,65,80,72,291,66,200,58,7,40,11,148
189,76,286,287,284,35,37,22,425,424,60,65,80,72,291,66,200,58,7,40,11
233,76,286,287,284,35,37,22,425,424,60,65,80,72,291,66,200,58,7,40,11
383,76,286,287,284,35,37,425,424,60,65,80,72,291,66,200,58,7,40,11,148
6,76,286,287,284,35,37,22,425,424,60,65,80,72,291,66,200,58,7,40,11
470,76,286,287,284,35,37,22,425,424,60,65,80,72,291,66,200,58,7,40,11
430,76,286,287,284,37,22,425,424,60,65,80,72,291,66,200,58,7,40,11,148
85,76,286,287,284,35,22,425,424,60,65,80,72,291,66,200,58,7,40,11,148
420,76,286,287,284,35,37,22,425,424,60,65,80,72,291,66,200,58,7,40,11
336,76,286,287,284,35,37,22,425,424,60,65,72,291,66,200,58,7,40,11,148
378,76,286,287,284,35,37,22,425,424,60,65,80,72,291,66,200,58,7,40,11
62,76,286,287,284,35,37,22,425,424,60,65,80,72,291,66,200,58,40,11,148
104,76,286,287,284,35,37,22,425,424,60,65,80,72,291,66,200,58,7,11,40
365,76,286,287,284,35,37,22,425,424,60,65,80,72,291,66,200,58,7,40,11
285,286,287,284,35,37,22,425,424,60,65,80,72,291,66,200,58,7,40,11,148
129,76,286,287,284,35,37,22,425,424,60,65,80,72,291,66,200,58,7,40,11
172,76,286,287,284,35,37,22,425,424,60,65,80,72,291,66,200,58,7,40,11
241,76,286,287,284,35,37,22,425,424,60,65,80,72,291,66,200,58,7,40,11
114,76,286,287,284,35,37,22,425,424,60,65,80,72,291,66,200,58,7,40,11
340,286,287,284,35,37,22,425,424,60,65,80,72,291,66,200,58,7,40,11,148
471,76,286,287,284,35,37,22,425,424,60,65,80,72,291,66,200,58,7,11,148
478,76,286,287,284,35,37,22,425,424,60,65,80,72,291,66,200,58,7,11,40
37,76,286,287,284,35,37,22,425,424,60,65,80,72,291,66,200,58,7,40,11
244,286,287,284,35,37,22,425,424,60,65,80,72,291,66,200,58,7,40,11,148
486,286,287,284,35,37,22,425,424,60,65,80,72,291,66,200,58,7,40,11,148
134,286,287,284,35,37,22,425,424,60,65,80,72,291,66,200,58,7,40,11,148
34,76,286,287,284,35,37,22,425,424,60,65,80,72,291,66,200,58,7,11,40
254,76,286,287,284,35,22,425,424,60,65,80,72,291,66,200,58,7,40,11,148
467,76,286,287,284,35,37,22,425,424,60,65,80,72,291,66,200,7,40,11,148
446,76,286,287,284,35,37,22,425,424,60,65,80,72,291,66,200,58,7,11,40
295,76,286,287,284,35,37,425,424,60,65,72,291,66,200,58,7,40,11,148,36
137,76,286,287,284,35,37,22,425,424,60,65,80,72,291,66,200,58,7,40,11
235,76,286,287,284,35,37,22,425,424,60,65,80,72,291,66,200,7,40,11,148
296,76,286,287,284,35,37,22,425,424,60,65,72,291,66,200,58,7,11,40,148
492,286,287,284,35,37,22,425,424,60,65,80,72,291,66,200,58,7,40,11,148
422,76,286,287,284,35,37,22,425,424,60,80,72,291,66,200,58,7,40,11,148
2,76,286,287,284,35,37,22,425,424,60,65,80,72,291,66,200,58,7,40,11
43,76,286,287,284,35,37,425,424,60,65,80,72,291,66,200,58,7,40,11,148
227,76,286,287,284,35,37,22,425,424,60,65,80,72,291,66,200,58,7,40,11
348,286,287,284,35,37,22,425,424,60,65,80,72,291,66,200,58,7,40,11,148
46,76,286,287,284,35,37,22,425,424,60,65,80,72,291,66,200,58,7,40,11
203,76,286,287,284,35,37,425,424,60,65,80,72,291,66,200,58,7,40,11,148
251,76,286,287,284,37,22,425,424,65,80,291,66,200,58,7,40,11,148,36,21
149,76,286,287,284,35,37,22,425,424,60,65,80,72,291,66,200,7,40,11,148
487,76,286,287,284,35,37,22,425,424,60,65,80,72,291,66,200,58,7,40,148
171,76,286,287,284,35,37,22,425,424,60,65,80,72,291,66,200,58,7,40,11
201,76,286,287,284,35,37,22,425,424,60,65,80,291,66,200,58,7,40,11,148
120,76,286,287,284,22,425,424,60,65,80,72,291,66,200,58,7,40,11,148,36
329,286,284,285,76,35,37,22,60,65,80,66,200,58,7,11,40,148,36,21,5
81,76,286,287,284,35,37,22,425,424,65,80,72,291,66,200,58,7,11,148,36
97,76,286,287,284,35,37,22,425,424,65,80,72,291,66,200,58,7,40,11,148
326,76,286,287,284,35,37,22,425,424,60,65,80,72,291,66,200,58,7,40,11
198,76,286,287,284,35,37,22,425,424,60,65,80,72,291,66,200,58,7,11,40
284,286,287,284,35,37,425,424,60,65,80,72,291,66,200,58,7,11,148,36,21
147,76,286,287,284,35,37,22,425,424,60,65,80,72,291,66,200,7,11,40,148
301,76,286,287,284,35,37,22,425,424,65,80,72,291,66,200,58,7,40,11,148
457,76,286,287,284,35,37,22,425,424,60,65,80,291,66,200,58,7,40,11,148
207,76,286,287,284,35,37,22,425,424,60,65,80,72,291,200,58,7,40,11,148
141,76,286,287,284,35,37,22,425,424,60,65,80,72,291,66,200,58,7,40,11
263,76,286,287,284,35,37,22,425,424,60,65,72,291,66,200,58,7,40,11,148
211,76,286,287,284,35,37,22,425,424,60,65,80,72,291,66,200,58,7,40,11
30,76,286,287,284,35,22,425,424,60,65,80,72,291,66,200,58,7,40,11,148
164,76,286,287,284,35,22,425,424,60,65,80,72,291,66,200,58,7,40,11,148
238,76,286,287,284,37,22,425,424,65,80,72,291,66,200,58,7,40,11,148,36
299,76,286,287,284,22,425,424,60,65,80,72,291,66,200,58,7,40,11,148,36
253,76,286,287,284,35,37,22,425,424,60,65,80,72,291,66,200,58,7,11,40
67,284,286,76,35,37,22,285,60,65,80,66,200,58,7,11,40,148,36,21,5
110,76,286,287,284,35,37,22,425,424,60,65,80,72,291,66,200,58,7,11,40
138,76,286,287,284,35,37,22,425,424,60,65,80,72,291,66,200,58,7,40,11
3,76,286,287,284,35,37,22,425,424,60,65,80,72,291,66,200,58,7,11,40
246,76,286,287,284,35,37,22,425,424,60,65,80,72,291,66,200,58,7,11,148
107,76,286,287,284,35,22,425,424,60,65,80,72,291,66,200,58,7,40,11,148
119,76,286,287,284,35,37,22,425,424,60,65,80,72,291,66,200,58,7,11,40
485,76,286,287,284,35,37,22,425,424,60,65,80,72,291,66,200,58,7,40,11
443,76,286,287,284,35,37,22,425,424,60,65,80,72,291,66,200,58,7,40,11
350,76,286,287,284,35,37,22,425,424,60,65,80,72,291,66,200,58,7,11,40
154,76,286,287,284,35,37,22,425,424,60,65,80,72,291,66,200,58,7,40,11
480,76,286,287,284,35,37,22,425,424,60,65,80,291,66,200,58,7,40,11,148
280,76,286,287,284,35,37,425,424,60,65,80,72,291,66,200,58,7,40,11,148
335,286,287,284,35,37,22,425,424,60,65,80,72,291,66,200,58,7,40,11,148
216,286,287,284,35,37,22,425,424,60,65,80,72,291,66,200,58,7,40,11,148
375,76,286,287,284,35,37,22,425,424,60,65,80,291,66,200,58,7,11,148,36
71,76,286,287,284,35,22,425,424,60,65,80,72,291,66,200,58,7,11,40,148
425,76,286,287,284,35,37,22,425,424,60,65,80,72,291,66,200,58,7,40,11
347,76,286,287,284,35,37,425,424,60,65,80,72,291,66,200,58,7,40,11,148
394,76,286,287,284,35,37,425,424,60,65,80,72,291,66,200,58,7,40,11,148
237,76,286,287,284,35,37,22,425,424,60,65,80,291,66,200,58,7,40,11,148
257,76,286,287,284,35,37,22,425,424,60,65,80,72,291,66,200,58,7,40,11
389,286,287,284,35,37,22,425,424,60,65,80,72,291,66,200,58,7,40,11,148
208,286,287,284,35,37,22,425,424,60,65,80,72,291,66,200,58,7,40,11,148
214,76,286,287,284,37,22,425,424,60,65,72,291,66,200,58,7,40,11,148,36
178,286,287,284,35,37,22,425,424,60,65,80,72,291,66,200,58,7,40,11,148
163,76,286,287,284,35,37,22,425,424,60,65,80,72,291,66,200,58,7,40,11
160,76,286,287,284,35,37,22,425,424,60,65,80,72,291,66,200,58,7,40,11
349,286,287,284,35,37,22,425,424,60,65,80,72,291,66,200,58,7,40,11,148
334,76,286,287,284,35,37,22,425,424,60,65,80,72,291,66,200,58,7,40,11
106,76,286,287,284,35,37,22,425,424,60,65,80,72,291,66,200,58,7,11,40
204,76,286,287,284,35,37,22,425,424,60,65,80,72,291,66,200,58,7,40,11
274,286,287,284,35,37,22,425,424,60,65,80,72,291,66,200,58,7,40,11,148
242,76,286,287,284,35,37,22,425,424,60,65,80,72,291,66,200,58,7,40,11
364,76,286,287,284,35,37,22,425,424,65,80,72,291,66,200,58,7,40,11,148
127,76,286,287,284,35,37,22,425,424,60,65,80,72,291,66,200,58,7,11,40
371,286,287,284,35,37,22,425,424,60,65,80,72,291,66,200,58,7,40,11,148
357,286,287,284,37,425,424,60,65,80,72,291,66,200,58,7,40,148,36,21,5
38,76,286,287,284,35,37,22,425,424,60,65,80,72,291,66,200,58,7,40,11
224,76,286,287,284,37,22,425,424,60,65,80,72,291,66,200,58,7,40,11,148
491,76,286,287,284,35,37,22,425,424,60,65,80,72,291,66,200,58,7,11,40
1,76,286,287,284,35,37,22,425,424,60,65,80,72,291,66,200,58,7,40,11
157,76,286,287,284,35,22,425,424,60,65,80,72,291,66,200,58,7,11,40,148
319,76,286,287,284,35,37,22,425,424,60,65,80,72,291,66,200,58,7,40,11
32,76,286,287,284,35,37,22,425,424,60,65,80,72,291,66,200,58,7,11,40
54,76,286,287,284,35,37,22,425,424,60,65,80,72,291,66,200,58,7,11,40
248,76,286,287,284,37,425,424,60,65,72,291,66,200,58,7,40,11,148,36,21
16,76,286,287,284,35,37,22,425,424,60,65,80,72,291,66,200,58,7,11,40
367,76,286,287,284,35,37,22,425,424,60,65,80,72,291,66,200,58,7,40,11
5,76,286,287,284,35,37,22,425,424,60,65,80,72,291,66,200,58,7,40,11
80,76,286,287,284,35,37,22,425,424,60,65,80,72,291,66,200,58,7,11,40
53,76,286,287,284,37,22,425,424,60,65,80,72,291,66,200,58,7,40,11,148
65,76,286,287,284,35,22,425,424,60,65,80,72,291,66,200,58,7,40,11,148
465,76,286,287,284,35,37,22,425,424,60,65,80,72,291,66,200,58,7,40,11
96,76,286,287,284,35,37,22,425,424,60,65,80,72,291,66,200,58,7,40,11
407,76,286,287,284,35,37,425,424,60,80,72,291,66,200,58,7,40,11,148,21
442,286,287,284,35,37,22,425,424,60,65,80,72,291,66,200,58,7,40,11,148
162,76,286,287,284,35,37,22,425,424,60,65,80,291,66,200,7,40,11,148,36
323,286,287,284,35,37,22,425,424,60,65,80,72,291,66,200,58,7,40,11,148
209,76,286,287,284,35,37,22,425,424,60,65,80,72,291,66,200,58,7,40,11
168,76,286,287,284,35,37,425,424,65,80,72,291,66,200,58,7,40,11,148,36
179,76,286,287,284,35,37,22,425,424,60,65,80,72,66,291,200,58,7,40,11
260,76,286,287,284,37,22,425,424,60,65,80,72,291,66,200,58,7,40,11,148
99,76,286,287,284,35,37,22,425,424,60,65,80,72,291,66,200,58,40,11,148
424,76,286,287,284,35,37,425,424,60,65,80,291,66,200,58,7,148,36,21,87
122,76,286,287,284,35,37,22,425,424,60,65,80,72,291,66,200,58,7,40,11
135,76,286,287,284,35,22,425,424,60,65,80,72,291,66,200,58,7,40,11,148
416,286,287,284,35,37,22,425,424,60,65,80,72,291,66,200,7,40,11,148,36
55,76,286,287,284,35,37,22,425,424,60,65,80,72,291,66,200,58,7,40,11
438,76,286,287,284,35,37,22,425,424,60,65,80,291,66,200,58,7,11,148,36
185,76,286,287,284,35,37,22,425,424,60,65,80,72,291,66,200,58,7,40,11
261,76,286,287,284,35,37,22,425,424,60,65,80,72,291,66,200,58,7,11,40
468,286,287,284,35,37,22,425,424,60,65,80,72,291,66,200,7,11,148,36,21
456,76,286,287,284,35,37,22,425,424,60,65,80,72,291,66,200,58,7,40,11
140,76,286,287,284,35,37,22,425,424,60,65,80,72,291,66,200,58,7,11,40
48,76,286,287,284,35,425,424,60,65,80,72,291,66,200,58,7,40,11,148,36
437,286,287,284,35,37,22,425,424,60,65,80,291,200,58,7,148,36,21,87,67
112,76,286,287,284,35,37,425,424,60,65,80,291,66,200,58,40,11,148,36,5
366,76,286,287,284,35,37,22,425,424,60,65,80,291,66,200,58,7,40,11,148
130,76,286,287,284,35,22,425,424,60,65,80,72,291,66,200,58,7,40,11,148
228,76,286,287,284,37,22,425,424,60,65,80,72,291,66,200,58,7,40,11,148
153,76,286,287,284,35,37,22,425,424,60,65,80,72,291,66,200,58,7,40,11
469,286,287,284,35,37,22,425,424,60,65,80,72,291,66,200,58,7,40,11,148
276,76,286,287,284,35,37,22,425,424,60,65,72,291,66,200,58,7,40,11,148
405,286,287,284,35,37,22,425,424,60,65,80,72,291,66,200,58,7,40,11,148
266,286,287,284,35,37,22,425,424,60,65,80,72,291,66,200,58,7,40,11,148
313,76,286,287,284,35,37,22,425,424,60,65,80,72,291,66,200,58,7,40,11
117,76,286,287,284,35,37,425,424,60,65,80,72,291,66,200,58,7,40,11,148
159,286,287,284,35,37,22,425,424,60,65,80,72,291,66,200,58,7,40,11,148
11,76,286,287,284,35,37,22,425,424,60,65,80,72,291,66,200,58,7,40,11
78,76,286,287,284,35,37,425,424,60,65,72,291,66,200,58,7,40,11,148,36
206,76,286,287,284,35,37,22,425,424,60,65,80,72,291,200,58,7,11,40,148
410,76,286,287,284,35,37,425,424,60,65,80,72,291,66,200,58,7,40,11,148
339,76,286,287,284,35,37,22,425,424,60,65,80,72,291,66,200,58,7,40,11
445,76,286,287,284,35,37,22,425,424,60,65,80,72,291,66,200,58,7,40,11
403,76,286,287,284,37,22,425,424,60,65,80,72,291,66,200,58,7,40,11,148
288,286,287,284,35,37,22,425,424,60,65,80,72,291,66,200,58,7,40,11,148
125,76,286,287,284,35,37,22,425,424,60,65,80,72,291,66,200,58,7,40,11
460,286,287,284,35,37,22,425,424,60,65,80,72,291,66,200,58,7,40,11,148
4,76,286,287,284,35,37,22,425,424,60,65,80,72,291,66,200,58,7,40,148
182,76,286,287,284,35,37,22,425,424,60,65,80,72,291,66,200,58,7,40,11
218,76,286,287,284,35,37,22,425,424,65,80,72,291,66,200,58,7,11,148,36
461,76,286,287,284,35,37,22,425,424,60,65,80,291,66,200,58,7,40,11,148
255,76,286,287,284,35,37,22,425,424,60,65,80,72,291,66,200,58,7,40,11
318,76,286,287,284,35,37,425,424,60,72,291,66,200,7,40,11,148,36,21,5
131,76,286,287,284,35,37,22,425,424,60,65,80,72,291,66,200,7,40,11,148
102,76,286,287,284,35,37,22,425,424,60,65,80,72,291,200,58,7,40,11,148
197,76,286,287,284,37,22,425,424,60,65,80,72,291,66,200,58,7,11,40,148
250,76,286,287,284,35,37,22,425,424,60,65,291,66,200,58,7,40,11,148,36
199,286,287,284,35,22,425,424,60,65,72,291,200,40,11,148,5,59,87,33,78
105,76,286,287,284,35,37,22,425,424,65,80,72,291,66,200,58,7,40,11,148
436,76,286,287,284,35,37,22,425,424,60,65,80,72,291,66,200,7,40,11,148
82,76,286,287,284,35,37,22,425,424,65,72,291,66,200,58,7,40,11,148,36
70,76,286,287,284,35,37,22,425,424,60,65,80,72,291,66,200,58,7,11,40
489,76,286,287,284,37,22,425,424,60,65,80,72,291,66,200,58,7,40,11,148
472,76,286,287,284,35,37,22,425,424,60,65,80,72,291,66,200,58,7,40,11
91,286,287,284,37,22,425,424,60,72,291,200,40,11,148,59,146,67,32,78,19
463,286,287,284,35,37,22,425,424,60,65,80,72,291,66,200,58,7,40,11,148
413,76,286,287,284,35,37,425,424,60,80,291,66,200,58,7,40,11,148,36,21
426,76,286,287,284,35,37,22,425,424,60,65,80,72,291,66,200,58,7,40,11
279,76,286,287,284,35,37,22,425,424,60,65,80,72,291,66,200,58,7,40,11
290,76,286,287,284,35,37,22,425,424,60,80,72,291,66,200,58,7,40,11,148
384,286,287,284,35,37,22,425,424,60,65,80,72,291,66,200,58,7,40,11,148
293,76,286,287,284,35,37,425,424,60,65,80,72,291,66,200,58,7,40,11,148
451,76,286,287,284,35,37,22,425,424,60,65,80,72,291,66,200,58,7,40,11
432,286,287,284,35,37,22,425,424,60,65,80,72,291,66,200,58,40,11,148,36
360,76,286,287,284,35,37,22,425,424,60,65,80,72,291,66,200,58,7,40,11
324,76,286,287,284,35,37,22,425,424,60,72,291,66,200,58,7,40,11,148,36
300,76,286,287,284,35,37,22,425,424,60,65,80,72,291,66,200,58,7,40,11
294,76,286,287,284,35,425,424,291,200,7,148,21,5,67,19,147,1,88,49,34
322,76,286,287,284,37,22,425,424,60,65,72,291,66,200,58,7,11,148,36,21
354,76,286,287,284,35,37,22,425,424,60,65,80,72,291,66,200,58,7,148,36
361,76,286,287,284,35,37,22,425,424,60,65,80,72,291,66,200,58,7,40,11
115,76,286,287,284,35,37,22,425,424,60,65,80,72,291,66,200,58,7,40,11
77,76,286,287,284,35,37,22,425,424,60,65,80,72,291,66,200,58,7,40,11
116,76,286,287,284,37,22,425,424,60,65,80,72,291,66,200,58,7,40,11,148
29,76,286,287,284,35,37,22,425,424,60,65,80,291,66,200,58,40,11,148,36
12,76,286,287,284,35,425,424,60,65,80,72,291,66,200,58,7,148,5,59,146
192,286,287,284,35,37,22,425,424,60,65,80,72,291,200,58,7,40,11,148,36
61,76,286,287,284,35,37,22,425,424,60,65,80,72,291,66,200,58,7,40,11
36,76,286,287,284,35,37,22,425,424,60,65,80,72,291,66,200,58,7,11,40
440,76,286,287,284,35,37,22,425,424,65,80,72,291,66,200,58,7,40,11,148
481,76,286,287,284,35,37,22,425,424,60,65,80,72,291,66,200,58,7,40,11
428,76,286,287,284,35,37,22,425,424,60,65,80,72,291,66,200,58,7,40,11
23,76,286,287,284,37,22,425,424,60,65,80,291,66,200,58,7,11,40,148,36
423,76,286,287,284,35,37,22,425,424,60,65,80,291,66,200,58,40,11,148,36
359,76,286,287,284,35,37,22,425,424,60,80,72,291,66,200,58,7,40,11,148
220,286,287,284,35,37,22,425,424,60,65,80,72,291,66,200,58,7,40,11,148
170,286,287,284,35,37,22,425,424,60,65,80,72,291,200,58,7,11,40,148,36
494,286,287,284,35,37,22,425,424,60,65,80,72,291,66,200,58,7,40,11,148
188,76,286,287,284,35,37,22,425,424,60,65,80,72,291,66,200,58,7,40,11
100,76,286,287,284,37,22,425,424,60,65,80,72,291,66,200,58,7,40,11,148
381,286,287,284,35,22,425,424,60,80,72,291,66,200,58,7,40,11,148,36,21
22,76,286,287,284,35,37,22,425,424,60,65,80,72,291,66,200,58,11,40,148
121,76,286,287,284,35,37,22,425,424,60,65,80,72,291,66,200,58,7,11,40
412,76,286,287,284,37,22,425,424,60,65,80,72,291,66,200,58,7,40,11,148
474,76,286,287,284,35,37,22,425,424,60,65,80,72,291,66,200,58,7,40,11
66,76,286,287,284,35,37,22,425,424,60,65,80,72,291,66,200,58,7,11,40
325,76,286,287,284,35,37,22,425,424,60,65,72,291,66,200,58,7,40,11,148
226,76,286,287,284,425,424,60,65,80,72,291,66,200,7,40,11,148,21,5,59
345,76,286,287,284,35,37,22,425,424,60,65,80,72,291,66,200,58,7,40,11
143,76,286,287,284,35,37,22,425,424,60,65,80,72,291,66,200,58,7,40,11
292,76,286,287,284,37,22,425,424,60,80,72,291,66,200,58,7,40,11,148,36
161,76,286,287,284,35,37,22,425,424,60,65,80,72,291,66,200,58,7,40,11
213,286,287,284,35,37,22,425,424,60,65,80,72,291,66,200,58,7,40,11,148
194,76,286,287,284,35,37,22,425,424,60,80,72,291,66,200,58,7,40,11,148
69,76,286,287,284,35,37,425,424,60,65,80,72,291,66,200,58,7,40,11,148
369,286,287,284,35,37,425,424,60,65,80,72,291,66,200,58,7,40,148,36,21
458,76,286,287,284,35,37,22,425,424,60,65,80,72,291,66,200,58,7,40,11
320,286,287,284,35,37,22,425,424,60,65,80,72,291,66,200,58,7,40,11,148
93,76,286,287,284,35,22,425,424,60,65,80,72,291,66,200,58,7,40,11,148
399,286,287,284,35,37,22,425,424,60,65,80,72,291,66,200,58,7,40,11,148
363,76,286,287,284,35,37,22,425,424,60,65,80,72,291,66,200,58,7,40,148
309,76,286,287,284,37,22,425,424,60,65,80,72,291,66,200,58,7,40,11,148
58,76,286,287,284,35,37,22,425,424,60,65,80,72,291,66,200,58,7,40,11
156,76,286,287,284,35,37,22,425,424,60,65,80,72,291,66,200,58,40,11,148
75,76,286,287,284,35,37,22,425,424,60,65,80,72,291,66,200,58,7,40,11
128,286,287,284,35,37,22,425,424,60,65,80,72,291,66,200,7,40,11,148,36
289,76,286,287,284,35,37,22,425,424,60,65,291,66,200,58,7,40,11,148,36
249,76,286,287,284,35,37,22,425,424,60,65,72,291,66,200,58,7,40,11,148
273,286,287,284,35,37,22,425,424,60,65,80,72,291,66,200,7,40,148,36,21
450,76,286,287,284,35,37,22,425,424,60,65,80,72,291,66,200,58,7,40,11
13,76,286,287,284,35,37,22,425,424,60,65,80,72,291,66,200,58,7,40,11
358,76,286,287,284,35,37,22,425,424,60,65,80,72,291,66,200,58,7,40,11
31,286,287,284,35,37,22,425,424,65,80,72,291,66,200,7,11,148,36,21,67
180,286,287,284,22,425,424,60,65,80,72,291,66,200,58,7,40,11,148,36,21
113,286,287,284,35,37,22,425,424,60,65,80,72,291,66,200,58,7,11,40,148
312,286,287,284,35,37,22,425,424,60,65,80,72,291,66,200,58,7,40,11,148
398,76,286,287,284,35,37,22,425,424,60,65,80,72,291,66,200,58,7,40,11
393,286,287,284,35,37,22,425,424,60,65,80,72,291,66,200,58,7,40,11,148
392,76,286,287,284,35,37,22,425,424,60,65,80,72,291,66,200,58,7,40,11
265,286,287,284,35,37,425,424,60,65,291,66,200,58,7,40,11,148,36,21,5
282,286,287,284,35,37,22,425,424,60,65,80,72,291,66,200,58,7,40,11,148
222,289,285,441,384,292,337,253,310,395,392,320,352,402,254,434,314,239,330,364,341
44,76,286,287,284,35,37,22,425,424,60,65,80,72,291,66,200,58,7,40,11
401,76,286,287,284,35,37,22,425,424,60,65,80,72,291,66,200,58,7,40,11
316,76,286,287,284,37,22,425,424,60,65,80,291,66,200,58,7,11,148,21,5
187,286,287,284,425,424,60,72,291,200,11,148,5,59,87,67,33,78,19,147,1
94,76,286,287,284,35,37,425,424,60,65,80,72,291,66,200,58,7,40,11,148
95,76,286,287,284,35,37,425,424,60,65,80,72,291,66,200,58,7,40,11,148
17,76,286,287,284,35,37,22,425,424,60,65,80,72,291,66,200,58,7,11,40
76,76,286,287,284,35,37,22,425,424,60,65,80,72,291,66,200,58,7,40,11
484,286,287,284,35,37,22,425,424,60,65,80,72,291,66,200,58,7,11,148,36
346,76,286,287,284,35,22,425,424,60,65,80,72,291,66,200,58,7,11,148,36
243,76,286,287,284,37,425,424,60,65,80,72,291,66,200,58,7,11,148,21,5
269,76,286,287,284,35,37,22,425,424,60,80,72,291,66,200,58,7,40,11,148
331,286,287,284,35,37,22,425,424,60,65,80,72,291,66,200,58,7,40,11,148
434,76,286,287,284,35,37,22,425,424,60,65,80,72,291,66,200,58,7,40,11
20,76,286,287,284,35,37,22,425,424,65,80,72,291,66,200,58,7,11,40,148
183,76,286,287,284,35,37,22,425,424,60,65,80,72,291,66,200,58,7,40,11
314,76,286,287,284,35,37,425,424,60,80,72,291,66,200,58,7,40,11,148,36
341,76,286,287,284,35,22,425,424,60,65,80,72,291,66,200,58,7,40,11,148
72,76,286,287,284,35,37,22,425,424,60,65,80,72,291,66,200,58,11,40,148
195,76,286,287,284,37,425,424,60,65,80,72,291,66,200,7,40,11,148,36,5
351,76,286,287,284,35,37,22,425,424,60,80,72,291,66,200,58,7,40,11,148
305,76,286,287,284,35,37,22,425,424,60,65,80,72,291,66,200,58,7,11,40
374,76,286,287,284,35,37,22,425,424,60,65,80,72,291,66,200,58,7,11,40
256,76,286,287,284,35,37,22,425,424,60,65,80,291,200,58,7,148,36,21,87
376,76,286,287,284,35,37,22,425,424,60,65,80,72,291,66,200,58,7,11,40
490,286,287,284,35,37,22,425,424,60,65,80,72,291,66,200,58,7,40,11,148
377,76,286,287,284,35,37,22,425,424,60,80,72,291,66,58,7,11,40,148,36
495,76,286,287,284,37,22,425,424,60,65,80,72,291,66,200,58,7,40,11,148
84,286,287,284,35,37,22,425,424,60,65,80,72,291,66,200,58,7,40,11,148
126,76,286,287,284,35,37,22,425,424,60,65,80,72,291,66,200,58,7,40,11
338,76,286,287,284,35,37,22,425,424,60,65,80,291,66,200,7,40,11,148,36
455,286,287,284,37,22,425,424,60,80,291,66,200,7,40,148,36,21,87,67,32
283,286,287,284,35,37,22,425,424,60,65,80,72,291,66,200,58,7,40,11,148
217,76,286,287,284,35,37,22,425,424,60,65,80,72,291,66,200,58,7,40,11
372,76,286,287,284,37,22,425,424,60,65,80,72,291,66,200,58,7,148,36,21
14,441,76,424,35,37,22,60,65,80,72,425,66,200,58,7,40,11,148,36,21
10,76,286,287,284,35,37,22,425,424,60,65,80,72,291,66,200,58,40,11,148
86,76,286,287,284,35,37,425,424,60,65,80,72,291,66,200,58,7,40,11,148
239,76,286,287,284,35,425,424,60,65,80,291,66,200,58,7,11,148,36,21,5
229,286,287,284,35,37,22,425,424,60,65,80,72,291,200,7,40,11,148,36,21
493,76,286,287,284,35,37,22,425,424,60,65,80,72,291,66,200,58,7,40,11
386,286,287,284,35,37,22,425,424,60,65,80,72,291,66,200,58,7,40,11,148
302,76,286,287,284,35,37,22,425,424,60,65,80,72,291,200,58,7,40,148,36
429,76,286,287,284,35,37,22,425,424,60,65,80,72,291,66,200,58,7,40,11
390,286,287,284,35,37,22,425,424,60,65,80,72,291,66,200,58,40,11,148,36
400,76,286,287,284,37,22,425,424,60,65,80,72,291,66,200,58,7,40,11,148
391,76,286,287,284,35,37,22,425,424,60,80,72,291,66,200,58,7,11,40,148
397,76,286,287,284,35,37,22,425,424,60,65,80,72,291,200,58,7,40,11,148
145,76,286,287,284,35,37,22,425,424,60,65,80,72,291,66,200,58,7,40,11
272,76,286,287,284,35,37,425,424,60,80,72,291,66,200,58,7,40,11,148,36
57,76,286,287,284,35,37,22,425,424,60,65,80,72,291,66,200,58,7,11,40
311,76,286,287,284,37,425,424,60,65,80,72,66,291,200,58,7,148,36,21,59
382,76,286,287,284,35,37,425,424,60,65,80,291,66,200,58,7,40,11,148,36
18,76,286,287,284,35,22,425,424,60,65,80,72,291,66,200,58,7,40,11,148
83,76,286,287,284,35,37,22,425,424,60,65,80,72,291,66,200,58,7,40,11
315,76,286,287,284,35,37,22,425,424,60,65,80,72,291,66,200,58,7,11,148
19,76,286,287,284,35,37,22,425,424,60,65,80,72,291,66,200,58,7,40,11
73,286,287,284,35,37,22,425,424,60,65,80,72,291,66,200,7,40,11,148,36
332,76,286,287,284,37,22,425,424,60,65,80,291,66,200,58,7,11,148,36,21
353,286,287,284,35,37,22,425,424,60,65,80,72,291,66,200,58,7,40,11,148
47,76,286,287,284,35,37,22,425,424,60,65,80,72,291,66,200,58,7,11,40
103,76,286,287,284,22,425,424,65,80,72,291,66,200,58,7,40,11,148,36,21
123,286,287,284,22,425,424,60,72,291,200,148,21,59,146,78,19,147,1,88,49
328,289,285,441,384,292,239,238,240,342,270,233,273,271,268,336,434,253,243,320,395
33,76,286,287,284,35,37,22,425,424,60,65,80,72,291,66,200,58,7,40,11
184,286,287,284,35,37,22,425,424,60,65,80,72,291,66,200,58,7,40,11,148
449,76,286,287,284,37,22,425,424,60,65,80,291,66,200,58,7,40,11,148,36
39,76,286,287,284,425,424,60,65,80,72,291,66,200,7,40,11,148,36,21,5
270,76,286,287,284,35,37,22,425,424,60,65,80,291,66,200,58,7,40,11,148
409,76,286,287,284,35,37,22,425,424,60,291,66,200,7,148,36,21,59,146,87
298,76,286,287,284,37,425,424,60,72,291,66,200,7,148,36,21,5,59,87,67
132,441,292,76,35,37,22,60,65,80,66,200,58,291,7,11,40,148,36,21,5
304,286,287,284,35,37,22,425,424,60,65,80,72,291,66,200,58,7,40,11,148
356,76,286,287,284,35,37,425,424,60,65,72,291,200,7,148,36,21,5,87,67
252,76,286,287,284,37,22,425,424,72,291,66,200,58,7,40,11,148,5,59,146
303,286,287,284,37,22,425,424,60,80,291,66,200,7,148,36,21,59,87,67,19
385,76,286,287,284,35,37,22,425,424,60,65,80,72,291,66,200,58,7,40,11
27,286,287,284,35,37,22,425,424,60,65,80,72,291,66,200,58,7,40,11,148
327,286,287,284,37,22,425,424,60,65,80,291,66,200,58,7,40,11,148,36,21
418,76,286,287,284,35,37,425,424,60,65,80,72,291,200,58,7,148,36,21,5
380,76,286,287,284,35,37,22,425,424,60,65,80,291,66,200,7,148,36,21,87
453,76,286,287,284,35,37,22,425,424,60,65,80,72,291,66,200,58,7,40,148
496,286,287,284,35,37,22,425,424,60,65,80,72,291,66,200,58,7,40,11,148
352,76,286,287,284,35,37,22,425,424,60,65,80,72,291,66,200,58,7,40,11
51,76,286,287,284,35,22,425,424,60,65,80,72,291,66,200,58,7,40,11,148
25,76,286,287,284,35,37,22,425,424,60,65,80,72,291,66,200,58,7,40,11
59,76,286,287,284,35,37,425,424,60,65,80,72,291,66,200,58,11,40,148,36
464,286,287,284,35,37,22,425,424,60,65,80,72,291,66,200,58,7,40,11,148
0,76,286,287,284,35,37,22,425,424,60,65,80,72,291,66,200,58,7,40,11
63,76,286,287,284,35,37,22,425,424,60,65,80,291,66,200,58,7,40,11,148
379,76,286,287,284,35,37,22,425,424,60,65,80,72,291,66,200,58,7,40,11
146,76,286,287,284,35,37,22,425,424,60,65,80,72,291,66,200,58,7,11,40
9,76,286,287,284,35,37,425,424,60,65,80,72,291,66,200,58,7,40,11,148
433,76,286,287,284,35,37,22,425,424,60,65,80,72,291,66,200,58,7,40,11
477,76,286,287,284,37,22,425,424,60,65,80,72,291,66,200,58,7,40,11,148
466,76,286,287,284,35,37,425,424,60,65,80,72,291,66,200,7,40,11,148,36
158,76,286,287,284,35,37,22,425,424,60,65,80,72,291,66,200,58,40,11,148
79,76,286,287,284,35,37,22,425,424,60,65,80,72,291,66,200,58,7,40,11
462,76,286,287,284,35,37,22,425,424,60,80,72,291,66,200,58,7,40,11,148
281,76,286,287,284,425,424,72,291,66,200,7,11,148,21,5,59,67,32,78,19
90,76,286,287,284,35,22,425,424,60,65,80,72,291,66,200,58,7,40,11,148
310,76,286,287,284,37,22,425,424,60,65,80,72,291,66,200,58,7,40,11,148
415,76,286,287,284,37,22,425,424,60,65,80,72,291,66,200,58,7,40,11,148
291,76,286,287,284,35,37,425,424,60,65,80,291,66,200,58,7,40,11,148,36
7,76,286,287,284,35,37,425,424,60,65,80,72,291,66,200,58,7,11,40,148
419,76,286,287,284,35,37,22,425,424,60,65,80,72,291,66,200,58,7,40,11
271,76,286,287,284,37,22,425,424,60,291,200,7,148,36,21,59,67,19,147,1
368,76,286,287,284,35,37,22,425,424,60,65,80,72,291,66,200,58,7,40,11
118,76,286,287,284,37,425,424,60,65,291,66,200,58,40,11,148,5,59,146,32
87,76,286,287,284,35,37,22,425,424,60,65,80,72,291,66,200,58,7,40,11
92,76,286,287,284,35,37,425,424,60,65,80,72,291,66,200,58,7,40,11,148
21,76,286,287,284,425,424,80,72,291,200,58,40,11,148,21,5,59,146,87,33
193,286,287,284,37,425,424,60,291,200,58,7,11,40,148,5,59,146,87,33,78
165,284,424,76,287,441,35,37,22,291,60,65,80,72,292,66,200,58,7,40,11
408,76,286,287,284,35,37,22,425,424,60,65,80,72,291,66,200,58,7,148,36
488,76,286,287,284,37,22,425,424,60,65,80,72,291,66,200,58,7,40,11,148
258,76,286,287,284,35,37,22,425,424,60,65,80,72,291,66,200,58,7,40,11
414,76,286,287,284,35,37,22,425,424,60,65,80,72,291,66,200,58,40,11,148
396,286,287,284,35,37,22,425,424,60,65,80,72,291,66,200,58,7,40,11,148
476,286,287,284,35,37,22,425,424,60,65,80,291,66,200,58,7,40,11,148,36
175,286,287,284,37,22,425,424,60,65,80,72,291,66,200,58,7,11,148,36,21
64,76,286,287,284,37,22,425,424,60,65,80,72,291,66,200,58,7,40,11,148
473,76,286,287,284,35,37,22,425,424,60,65,80,72,291,66,200,58,7,148,36
15,76,286,287,284,35,37,22,425,424,60,65,80,72,291,66,200,58,7,11,40
321,286,287,284,35,37,425,424,60,65,80,291,66,200,58,7,40,11,148,36,21
152,76,286,287,284,35,37,22,425,424,60,65,80,72,291,66,200,58,7,40,11
475,76,286,287,284,35,37,22,425,424,60,65,80,72,291,66,200,58,7,40,11
24,76,286,287,284,35,425,424,60,65,80,72,291,200,58,7,11,148,36,21,5
196,76,286,287,284,35,37,22,425,424,60,65,80,72,291,66,200,58,7,40,11
236,286,287,284,22,425,424,60,65,80,291,66,200,58,7,40,11,148,21,5,59
231,76,286,287,284,35,37,22,425,424,60,65,80,72,291,200,11,148,5,59,87
202,286,287,284,22,425,424,60,72,291,200,11,5,146,87,78,19,147,1,49,39
435,286,287,284,35,37,22,425,424,60,65,80,72,291,66,200,58,7,40,148,36
212,76,286,287,284,35,37,22,425,424,60,65,80,72,291,66,200,58,7,11,40
210,286,287,284,37,22,425,424,60,65,80,72,291,66,200,58,7,40,11,148,36
230,76,286,287,284,37,425,424,60,291,66,200,7,40,148,36,21,87,32,33,19
444,286,287,284,37,425,424,60,80,72,291,66,200,7,40,148,36,21,146,67,33
177,76,286,287,284,35,37,22,425,424,60,65,80,72,291,66,200,58,7,40,11
139,76,286,287,284,35,37,22,425,424,65,80,72,291,66,200,58,7,40,11,148
133,76,286,287,284,35,37,22,425,424,60,65,80,72,291,66,200,58,7,11,40
151,76,286,287,284,425,424,60,65,72,291,200,58,40,11,148,21,146,32,33,78
144,76,286,287,284,35,37,22,425,424,65,72,291,200,148,21,5,87,67,78,19
174,76,286,287,284,35,37,425,424,60,65,80,72,291,66,200,58,7,40,11,148
232,76,286,287,284,37,425,424,60,291,200,7,11,148,5,59,146,87,33,78,19
74,76,286,287,284,35,22,425,424,60,65,80,72,291,66,200,58,7,40,11,148
101,76,286,287,284,35,37,425,424,60,65,80,72,291,66,200,58,7,40,11,148
219,76,286,287,284,35,37,22,425,424,60,65,80,72,291,66,200,58,7,40,11
98,76,286,287,284,35,37,22,425,424,60,65,80,72,291,66,200,58,7,11,40
427,76,286,287,284,35,37,22,425,424,60,65,80,72,291,66,200,58,7,40,11
35,76,286,287,284,35,37,22,425,424,60,65,80,72,291,66,200,58,7,40,11
28,76,286,287,284,35,37,425,424,60,65,72,291,200,148,67,32,33,19,147,1
200,286,287,284,22,425,424,60,80,72,291,200,11,148,5,59,146,87,33,78,19
344,76,286,287,284,35,22,425,424,60,65,80,72,291,66,200,58,7,11,148,36
431,76,286,287,284,37,22,425,424,60,80,291,66,200,58,7,40,11,148,36,21
333,286,287,284,35,37,22,425,424,60,65,80,72,291,66,200,58,7,40,11,148
42,286,287,284,37,425,424,65,80,72,291,66,200,7,40,11,148,5,59,146,78
439,286,287,284,37,22,425,424,60,65,80,72,291,66,200,58,7,11,148,36,21
191,76,286,287,284,35,37,22,425,424,60,65,80,72,291,66,200,58,7,40,11
275,76,286,287,284,35,37,22,425,424,60,65,80,72,291,66,200,58,7,40,11
287,76,286,287,284,37,22,425,424,60,65,72,291,66,200,58,7,40,11,148,36
150,286,287,284,35,22,425,424,60,80,72,291,200,58,7,11,36,21,5,59,87
268,76,286,287,284,35,37,22,425,424,60,65,72,291,66,200,7,40,11,148,36
417,76,286,287,284,35,37,22,425,424,60,65,80,72,291,66,200,58,7,40,11
45,76,286,287,284,35,37,22,425,424,60,65,80,72,291,66,200,58,40,11,148
142,76,286,287,284,35,37,22,425,424,60,65,80,72,291,66,200,58,7,40,11
411,76,286,287,284,35,37,425,424,60,65,80,72,291,66,200,7,11,148,36,21
447,76,286,287,284,37,22,425,424,60,65,80,72,291,66,200,7,148,36,21,67
111,286,287,284,37,22,425,424,60,65,80,72,291,66,200,58,7,40,11,148,36
205,286,287,284,35,37,22,425,424,60,65,80,72,291,66,200,58,7,40,11,148
459,76,286,287,284,35,37,425,424,60,65,80,72,291,200,58,7,40,11,148,36
215,76,286,287,284,35,37,22,425,424,60,65,80,72,291,200,58,7,40,11,148
8,76,286,287,284,35,37,22,425,424,60,65,80,72,291,66,200,58,7,11,40
259,76,286,287,284,35,37,425,424,60,65,80,72,291,66,200,58,7,40,11,148
330,286,287,284,37,22,425,424,72,291,200,7,148,21,5,59,87,32,33,19,147
186,76,286,287,284,22,425,424,60,65,80,72,291,200,7,11,148,21,5,59,146
278,76,286,287,284,35,37,22,425,424,60,65,80,72,291,66,200,58,7,40,11
264,76,286,287,284,37,425,424,60,65,291,66,200,58,7,40,11,148,36,21,5
68,76,286,287,284,35,37,22,425,424,60,65,80,72,291,66,200,58,7,11,40
221,286,287,284,35,37,22,425,424,60,65,80,291,66,200,58,7,40,11,148,36
387,286,287,284,37,22,425,424,60,65,80,72,291,66,200,58,7,11,148,36,21
342,76,286,287,284,35,22,425,424,60,80,291,200,7,148,36,21,59,87,67,32
402,76,286,287,284,35,37,22,425,424,60,65,80,72,291,66,200,58,40,11,148
240,76,286,287,284,35,37,22,425,424,60,65,80,291,66,200,58,7,40,11,148
388,76,286,287,284,35,37,22,425,424,65,80,72,291,66,200,58,40,11,148,36
277,76,286,287,284,37,425,424,60,65,72,291,66,200,58,7,40,11,148,36,5
169,76,286,287,284,35,37,22,425,424,60,65,80,72,291,66,200,58,7,40,11
155,76,286,287,284,35,37,22,425,424,60,65,72,291,66,200,58,7,40,11,148
190,76,286,287,284,35,37,425,424,60,65,291,66,200,148,36,21,5,59,146,87
181,76,286,287,284,35,37,22,425,424,60,65,80,72,291,66,200,58,7,40,11
448,76,286,287,284,35,37,22,425,424,60,65,72,291,66,200,58,7,148,36,21
124,76,286,287,284,35,22,425,424,65,80,72,291,66,200,58,7,40,11,148,36
167,286,287,284,37,22,425,424,60,80,291,66,200,58,40,11,148,21,5,59,146
